departement,moyenne,mediane,ecart_type,taux_reussite
Génie Civil,12.09548387096774,12.21,2.8959347817779553,77.1712158808933
Informatique,12.088715365239295,12.04,3.0988803960757356,74.81108312342569
Réseaux & Télécoms,12.149000000000001,12.18,2.8650373641096483,77.0
