sexe,count,mean,std,min,25%,50%,75%,max
F,620.0,11.95524193548387,2.9018850938789815,3.31,10.032499999999999,11.9,13.905000000000001,20.0
M,580.0,12.277672413793102,2.998700051619553,2.28,10.1975,12.455,14.14,19.9
