moyenne,mediane,ecart_type,min,max,Q1,Q3,taux_reussite_%
12.111083333333335,12.145,2.9522469625968553,2.28,20.0,10.127500000000001,14.024999999999999,76.33333333333333
